tipe,soal,gambar,opsi_a,poin_a,opsi_b,poin_b,opsi_c,poin_c,opsi_d,poin_d,opsi_e,poin_e,kunci_jawaban
TWK,"Pengumuman negara Papua Barat yang dideklarasikan Ketua Inited Liberation Movement For West Papua (ULMWP). Benny Wenda mendeklarasikan diri menjadi presiden sementara Paua Barat mulai 1 Desember 2020. Pada kasus ini anda dapat berpartisipasi bela negara demi menjaga kedaulatan NKRI dalam bentuk?","","Membantu tetanggah saat membutuhkan pertolongan, keharmonisan bertetangga bagian dari satu kesatuan memperkuat NKRI",0,"Gerakan separatisme bersenjata sangat membahayakan persatua, sudah sewajibnya masyarakat terlibat aktif dalam gerakan rakyat semesta",0,"Meningkatkan potensi diri dan keahlian yang dimiliki untuk beraktivitas dan berekspresi dalam organisasi kepemudaan",0,"Pemanfaatan media sosial melalui konten yang muatannya dikembangkan dan dikemas secara kreatif dan kekinian.",0,"Mensosialisasikan tentang pentingnya menjaga persatuan ditengah perkembangan gerakan-gerakan pemisahan diri",5,E
TWK,"Perhatikan tindakan berikut: 1) Melaporkan rencana pengiriman senjata ilegal kepada pihak berwenang 2) Membangun hubungan harmonis dengan tetangga 3) Mengadakan kegiatan penanaman pohon dan membersihkan sampah untuk mendukung pelestarian lingkungan. 4) Bekerja membantu orang tuanya berjualan makanan 5) Mengakui manusia Indonesia sebagai warga masyarakat dan warga negara punya kedudukan, hak, dan kewajiban yang sama Implementasi bela negara generasi muda dalam upaya memperkuat pertahanan dan keamanan bangsa dan negara","","1 dan 3",5,"3 dan 4",0,"4 dan 5",0,"2 dan 3",0,"1 dan 5",0,A
TWK,"Seorang warga negara telah menyadari bahwa ada kelompok ekstremis di lingkungannya yang merencanakan serangan terhadap fasilitas umum. Apa yang seharusnya ia lakukan dalam mendukung upaya bela negara dalam situasi ini...","","la harus melaporkan aktivitas kelompok ekstremis kepada aparat keamanan dan pihak berwenang.",5,"la harus mendiskusikan kepada kelompok kepemudaan untuk melakukan aksi penangkapan",0,"la harus membiarkan kelompok ekstremis melanjutkan rencana mereka untuk menghindari akan konsekuensi bagi lingkungannya.",0,"la harus menyelesaikan masalah ini sendiri dengan melibatkan RW setempat",0,"la harus melibatkan media untuk publisitas kepada masyarakat tentang kelompok ekstremis dan mengungkapkan rencana serangan mereka.",0,A
TWK,"Dalam era modern peran teknologi sangat penting dalam mendukung aksi bela negara. Tidak hanya mempengaruhi cara berkomunikasi tetapi memiliki dampak besar dalam upaya bela negara. Berikut jawaban paling tepat mengenai peran teknologi dalam mendukung aksi bela negara yang sering terjadi dalam kehidupan sehari-hari adalah,...","","Teknologi mengurangi ketergantungan negara pada pasokan senjata asing, dan meningkatkan kemandirian pertahanan negara",0,"Teknologi memungkinkan pelatihan yang lebih efektif melalui simulasi perang virtual dan meningkatkan keterampilan prajurit",0,"Teknologi memungkinkan pemantauan warga secara intensif untuk mengidentifikasi potensi ancaman terorisme atau subversif",0,"Teknologi memungkinkan publik berpartisipasi altif dalam keamanan negara dengan berbagi informasi di media sosial",5,"Tekonologi mengurangi jumlah personel militer yang diperlukan dalam operasi pertahanan dan",0,D
TWK,"Di sebuah desa, terdapat sebuah masjid yang memiliki peran penting dalam kehidupan masyarakat. Masjid ini menjadi tempat ibadah, tempat belajar agama, serta tempat berkumpul dan bermusyawarah untuk memecahkan masalah bersama. Dalam hal ini cerminan pasal 29 ayat 2 adalah....","","Perekat dan pembina kehidupan beragama yang harmonis.",0,"Pendidikan dan pelatihan dalam hal keagamaan",0,"Partisipasi aktif dalam kegiatan sosial dan kemasyarakatan.",0,"Pemajuan dan pelestarian agama serta kebebasan beragama",5,"Tempat berkumpulnya masyarakat untuk berempati, saling membantu, dan bermusyawarah dalam menyelesaikan masalah bersama.",0,D
TWK,"Dalam pasal 27 ayat 1 segala warga negara bersamaan kedudukannya di dalam hukum dan pemerintahan dan wajib menjungjung hukum dan pemerintahan dengan tidak ada kecualinya. Prinsip demokrasi dalam pasal ini adalah keikutsertaan rakyat dalam pemerintahan, oleh sebab itu...","","Pemimpin selalu memperhatikan aspirasi dan kesejahteraan rakyat",0,"Pemimpin harus selalu bertanggungjawab terhadap hak-hak rakyat",0,"Rakyat berhak dan wajib memilih pemimpin yang luhur budinya",5,"Rakyat dan pemimpin akan bersinergi dalam mencapai kemajaun dan kepentingan bersama",0,"Rakyat memiliki kedaulatan penuh sehingga kebijakan untuk kepentingan rakyat yaitu kesejahteraan",0,C
TWK,"Dalam suatu rapat tingkat Rukun Warga (RW) yang membahas program kerja selama 1 tahun kedepan. semua pengurus telah mengajukan rencananya masing-masing. Semua pengurus RW tidak ada yang merasa kalah meskipun usulan beberapa pengurus ada yang tidak disetujui untuk dijadikan program kerja pada tahap voting. Hal yang menunjukkan hubungan antara integritas dengan kebhinekaan adalah...","","Komitmen pada kepentingan bersama akan menimbulkan sikap persatuan",5,"Menerima putusan musyawarah walaupun usulannya ditolak demi kepentingan bersama",0,"Putusan musyawarah bukti adanya kerelaan untuk mencapai kepentingan bersama",0,"Nilai kejujuran dalam setiap kegiatan yang dilakukan dalam bermusyawara menghasilkan keputusan yang tidak merugikan sebagain orang",0,"Masalah dalam kehidupan masyarakat diselesaikan secara musyawarah mufakat untuk menghindari kelompok tertentu menerima keuntungan",0,A
TWK,"Konflik sosial yang dilatar belakangi isu SARA perna terjadi disuatu daerah. Selain membawah kerugian harta benda, trauma akibat konflik juga menjadi hambatan persatuan bangsa. Untuk itu diperlukan langkah yang tepat untuk menjaga Bhineka Tunggal Ika dengan cara......","","Menanamkan pendidikan multikultural untuk menyelesiakn konflik yang terjadi di dalam masyarakat",5,"Menciptakan kesadaran arti pentingnya toleransi dengan memberikan pemahamandan menghargai perbedaan suku, agama, ras, etnis",0,"Mengupayakan sikap tenggang rasa dengan mengalah pada kelompok lain",0,"Melibatkan lembaga hukum dalam mengatasi konflik antar umat beragama",0,"Menghentikan secara paksa setiap kali terjadi konflik dengan",0,A
TWK,"Pancasila merupakan falsafah negara, sehingg dalam urusan penyelenggaraan negara hendaknya sesuai dengan nilai-nilai yang terkandung Pancasila. Di bawah ini yang merupakan praktik penyelenggaraan negara sesuai dengan nilai persatuan tampak pada .....","","Pemerintah mengupayakan pengembangan sistem jaminan sosial bagi masyarakat dengan tujuan untuk meminimalisasi terjadinya strata sosial",0,"Pemerintah berusaha dan memberikan kebebasan kepada warga negara untuk memilih pemimpin dan wakil rakyat dalam pemilihan umum demi menjaga persatuan dan kesatuan bangsa",0,"Pemerintah menguasai seluruh sumber daya alam yang ada di wilayah negara Indonesia dan melarang setiap pihak yang berusaha ingin memanfaatkannya",0,"Pemerintah memberlakukan pajak bagi warga negara yang memiliki pendapatan di atas wajib pajak dan membebaskan warga negara yang memiliki penghasilan di bawah ketentuan wajib pajak untuk tidak membayar pajak",0,"Pemerintah memberikan kebebasan bagi warga negara untuk mengembangkan budaya yang dimiliki setiap daerah serta mengakui keberagaman tersebut sebagai suatu kekayaan budaya nasional",5,E
TWK,"Sebagai seorang yang baru saja pindah kelingkungan baru yang memiliki latar belakang yang berbeda. Lutfi disambut baik dengan para penghuni asrma, ia mengerti bahwa meski berbeda suku, bahasa, karakter bukan menjadi masalah yang besar untuk berbaur. Aktualisasi nilai pancasila untuk mewujudkan bhineka tunggal ika, karena...","","Mewujudkan sikap ramah terhadap sesama penghuni asrama",0,"Memperkuat komunikasi sesama penghuni asrama",0,"Mewujudkan keharmonisan sesama penghuni asrama",0,"Menumbuhkan pergaulan sesama penghuni asrama",5,"Memperkuat toleransi sesama penghuni asrama",0,D
TWK,"Tanggal 28 oktober 1928 terjadi peristiwa sumpah pemuda yang secara lebih tegas menunjukkan adanya persatuan dan kesatuan Indonesia. Nilai sumpah pemuda masih sangat relevan untuk diaktualisasikan dalam kondisi saat ini, salah satu kontribusi sumpah pemuda untuk menjaga prinsip bhineka tunggal ika dalam kehidupan bangsa dan negara adalah...","","Menjadikan indonesia menjadi negara kesatuan",0,"Memajukan sosial budaya dan ekonomi masyarakat",0,"Menghilangkan prasangka buruk satu sama lain",0,"Menjadi tauladan keharmonisasian masyarakat",5,"Mencapai kemerdekaan secara bersama-sama",0,D
TWK,"Negara kesatuan republik indonesia mengatur tentang pembagian wilayah negara menjadi daerah-daerah otonom. Hal tersbut diatur dalam pasal 18 UUD NRI Tahun 1945. Namun, dalam pelaksanaan pemerintah daerah, apa yang menghambat pemerataan pembangunan..","","Kurangnya sumber daya masyarakat di daerah",0,"Pemerintah yang tidak peduli dengan masyarakat",0,"Kesenjangan ketidaksetaraan sosial dan ekonomi",0,"Masyarakat daerah yang hanya puas dengan SDA",0,"Konflik kepentingan yang ada di daerah",5,E
TWK,"Perhatikan sikap berikut: 1) Teman kepemudaan andi mengikuti kegiatan panjat pinang 2) Naufal megikuti kegiatan pelatihan untuk meningkatkan keterampilan fisik 3) Peningkatan pembangunan yang merata menciptakan keadilan di masyarakat 4) James berupaya pemajuan dan pelestarian budaya serta tradisi Indonesia 5) Pengabdian warga negara terhadap penanggulangan korban bencana Indikator nasionalisme yang bertujuan membangun keharmonisan dalam bermasyarakat terdapat pada nomor","","2, 4 dan 5",0,"3, 4 dan 5",5,"1, 2 dan 5",0,"1, 4, dan 5",0,"2, 3, dan 4",0,B
TWK,"Perhatikan upaya berikut: 1) Senantiasa menjungtinggi penegakan hukum 2) Menghargai dan menghormati hak-hak orang lain sebagai warga negara 3) Tidak merendahkan derajat dan martabat manusia 4) Aktif menjadi relawan bencana alam 5) Melaksanakan kebijakan pemerintah dengan penuh tanggungjawab Sikap nasionalisme dalam mewujudkan keadilan sosial berdasarkan pasal 28A setiap orang berhak untuk hidup serta mempertahankan hidup dan kehidupannya...","","1 dan 3",0,"2 dan 5",0,"2 dan 4",5,"1 dan 2",0,"3 dan 5",0,C
TWK,"Indonesia adalah negara yang memiliki karakteristik keragaman budaya. Hal ini menjadi sebuah kelebihan, tetapi juga menjadi sebuah kekurangan. Perbedaan yang sangat beragam membuat Indonesia rentan akan ancaman perpecahan di bidang sosial budaya. Peran nasionalisme dalam menghadapi hal tersebut adalah ....","","Bersikap objektif dan tidak terlibat dalam masalah konflik negara",0,"Aktif mengikuti kegiatan nasional agar memiliki jiwa nasional yang tinggi",0,"Aktif mengikuti kegiatan nasional agar memiliki jiwa nasionalisme yang tinggi",0,"Mengenal berbagai budaya yang ada di masyarakat Indonesia",5,"Menghadiri forum lintas agama agar tidak terjadi perpecahan",0,D
TWK,"Pada suatu hari, Lutfi melihat sekelompok pelajar yang sedang membuang sampah sembarangan di jalanan. Lutfi merasa tidak setuju dengan perilaku mereka karena dapat merusak kebersihan lingkungan. Apa yang sebaiknya dilakukan Lutfi sebagai wujud nasionalismenya....","","Lutfi sebaiknya melaporkan perilaku pelajar-pelajar tersebut kepada pihak berwenang yaitu guru sekolah",0,"Lutfi sebaiknya bergabung dengan pelajar-pelajar tersebut untuk membimbing mereka untuk lebih peduli terhadap lingkungan",0,"Lutfi sebaiknya melakukan aksi yang nyata dengan memungut sampah agar menjadi contoh yang baik bagi mereka",0,"Lutfi sebaiknya menyampaikan pendapatnya ke mereka untuk lebih memahami dan peduli dengan lingkungan.",5,"Lutfi sebaiknya menyediakan tempat pembuangan sampah di tempat-tempat umum untuk menghindari pembuangan sampah sembarangan sebagai bukti kecintaanya kepada lingkungan",0,D
TWK,"Bahasa Indonesia sebagai simbol identitas bangsa dan kekayaan budaya sebagai warisan perjuangan pemuda melalui Sumpah Pemuda 1928. Untuk menjaga nilai-nilai perjuangan yang terkandung dalam Sumpah upaya pelestarian bahasa indonesia tetap dilakukan. Cara paling tepat dalam mempertahankan nilai-nilai bahasa Indonesia kondisi saat ini adalah...","","Merancang pembelajaran bahasa indonesia pemahaman kosakata, tata bahasa dan keterampilan komunikasi secara komperhensif",5,"Memaksimalkan penggunaan bahasa indonesia dalam berkomunikasi karena indonesia",0,"Pengembangan teknologi berbahasa Indonesia untuk memastikan bahasa Indonesia tetap relevan dan digunakan secara luas",0,"Mendorong penggunaan bahasa indonesia secara baik dan benar di media sosial guna menjaga keaslian dan kualitas bahasa.",0,"Promosi satra dan karya budaya berbahasa Indonesia dengan memberikan dukungan terhadap penulis, penyair, senimana dan budayawan untuk menciptakan bahasa indonesia sebagai khazana budaya bangsa",0,A
TWK,"Perhatikan sikap nasionalisme berikut: Menggunakan baju batik dalam rangkah memperingati hari batik nasional Meningkatkan komunikasi dan kebersamaan antar masyarakat Mengahdiri kegiatan festival kebudayaan pada peringatan hari Kemerdekaan Menghargai keberadaan budaya oranglain Berkomunikasi antar siswa dengan bahasa Indonesia yang jelas dan teratur Contoh aktualisasi sikap cinta tanahair dalam kehidupan sehari-hari terdapat pada angka...","","1, 2, dan 3",0,"2, 3, dan 4",0,"3, 4, dan 5",5,"2, 4, dan 5",0,"1, 3, dan 5",0,C
TWK,"Perhatikan pernyataan berikut : Memakai pakaian adat Percaya terhadap keharuman budaya bangsa Membuat pertunjukan tari di area publik agar banyak masyarakat mengetahui Memperbanyak referensi dan informasi tentang seni tari Berbagi informasi kepada oranglain tentang budaya-budaya unik setiap daerah Memuliahkan dan mengapresiasi setiap pencapaian tarian tradisional Indonesia merupakan negara yang penuh dengan budaya dan bahasa, yang termasuk cara membudidayakan budaya daerah Indonesia untuk mendukung integrasi budaya bangsa adalah...","","1, 2, 3",0,"2, 3, 4",0,"3, 4, 5",0,"3, 5, 6",5,"1, 5, 6",0,D
TWK,"Dalam rangka memperingati Hari Kemerdekaan, sekolah mengadakan lomba bernyanyi lagu-lagu perjuangan nasional. Kegiatan ini penting dibudayakan untuk mencapai tujuan nasionalisme dalam bentuk...","","Upaya mempertahankan identitas bangsa dari perkembangan lagu-lagu pop dunia",0,"Menumbuhkan rasa bangga dan cinta kepada bangsa dan negara",0,"Menanamkan semangat perjuangan para pahlawan",5,"Sarana pendidikan dan pemahaman sejarah perjuangan kemerdekaan",0,"Mendidik siswa untuk memperkuat rasa persatuan dan rasa memiliki atas keberagaman lagu daerah",0,C
TWK,"Pak James adalah salah satu rakyat kecil disuatu pedesaan yang cinta terhadap tanah air Indonesia. Berikut penerapan cinta tanah air yang dapat dilakukan pak James sebagai perwujudan nasionalisme adalah.......","","Mencintai bangsa sendiri dan menganggap derajat bangsa lain sama",0,"Menjual produk ke luar negeri agar produk negara dikenal warga dunia dan meningkatkan pendapatan negara",0,"Menggunakan produk dalam negeri karena dapat menggerakkan roda perekonomian UMKM",5,"Mencari pekerjaan ke luar negeri untuk memenuhi kebutuhan dan menambah pendapatan negara",0,"Selalu melaksanakan upacara bendera walaupun berada di luar negeri",0,C
TWK,"Menjaga toleransi adalah yang paling utama dalam mencapai keharmonisan bermsyarakat, sehingga setiap warga negara harus memahami prinsip dasar kebhinekaan. Berikut ini yang mencerminkan tindakan nasionalisme warga negara adalah....","","Menjamin kebebasan orang lain untuk memeluk agama dan beribadah",0,"Membangun perekonomian secara merata dan adil di seluruh penjuru negeri",0,"Menjunjung tinggi persamaan hak dan kewajiban setiap warga negara",0,"Memediasi antar kelompok yang berkonflik demi menjaga persatuan bangsa",5,"Menciptakan suasana demokratis yang berkeadilan dalam kehidupan bernegara",0,D
TWK,"James Seorang pegawai pemerintah yang memiliki saham dalam sebuah perusahaan yang sedang berusaha mendapatkan kontrak dari pemerintah, mau tidak mau James harus menjual sahamnya sebelum perusahaan tersebut mendapatkan kontrak. Sikap ini merupakan upaya mempertahankan integritas diri karena..","","Bersikap jujur kepada pemerintah menyangkut saham yang dimiliki James",0,"Menghindari konflik kepentingan diri dan menjaga integritas dalam pengambilan keputusan",5,"Upaya transparansi terhadap kepemilikan berupa kekayaan diri sebelum di kontrak",0,"Menjunjung tinggi integritas harus menyusun laporan kepemilikan saham dengan kejujuran dan integritas tanpa menyembunyikan dari pihak pemerintah",0,"Berupaya taat mekanisme hukum dan etika dalam perusahaan untuk menghindari kerugian bagi pemerintah",0,B
TWK,"Salah satu tokoh pergerakan nasional yang sangat dikenal adalah Dr. Wahidin Sudirohusodo pendiri organisasi pergerakan nasional pertama yang ada di Indonesia yakni Budi Utomo. Salah satu tujuannya adalah memajukan pendidikan. Dibawah ini salah satu sikap integritas Dr. Wahidin Sudirhusodo dalam memajukan pendidikan adalah..","","Berkeliling kota-kota besar di Jawa mengunjungi tokoh-tokoh masyarakat sambil memberikan gagasan tentang dana pelajar untuk membantu pemuda-pemuda yang tidak dapat melanjutkan sekolahnya",5,"Menulis berbagai tulisan yang berisi kritikan terhadap pemerintah Belanda sebagai bentuk protes terhadap pelaksanaan pemerintahan yang tidak adil",0,"Mendirikan taman siswa sebagai bentuk perjuangan dalam bidang pendidikan bagi masyarakat pribumi agar tidak terbelakang secara ilmu pengetahuan",0,"Mendedikasikan dirinya untuk menjadi seorang guru bagi pemimpin-pemimpin besar di Indonesia sehingga arah pemikiran bangsa menjadi jelas dan tidak saling bertentangan",0,"Bertanggungjawab terhadap pemenuhan hak-hak warga negara dalam memajukan kebudayaan nasional",0,A
TWK,"Seorang Pejabat Pembina Kepegawaian (PKK) menempatkan para CPNS yang berhasil lulus semua tahapan seleksi. Lutfi salah satu peserta CPNS yang lulus sampai tahapan akhir seleksi mendapat banyak menrima masukan dan opini lain dari tim ahli dengan alasan yang logis. Bagaimana sebaiknya jawaban Lutfi sebagai wujud integritas atas fenomena tersebut..","","Menjadikan asal daerah sebagai pertimbangan untuk memudahkan komunikasi saat bekerja nanti",0,"Menerima masukan tersebut dengan mempertimbangkan urutan peringkat",0,"Mempertimbangkan potensi lokalitas agar mudah diterima masyarakat di penempatannya",0,"Menempatkan secara acak dengan tujuan agar memunculkan keberagaman budaya saat nanti",5,"Menempatkan CPNS yang belum berkeluarga di budaya yang berbeda dengan tempat asal untuk memperkaya pengalaman",0,D
TWK,"Penggunaan huruf kapital yang betul terdapat pada kalimat...","","Kita harus berusaha menggunakan Bahasa Indonesia yang baik dan benar",0,"Pada Bulan Agustus ia akan berangkat ke Amerika.",0,"Di mana banyak terdapat Suku Jawa?",0,"Pegunungan yang membentang di daratan Sumatra itu bernama Bukit Barisan",5,"Dengan gembira masyarakat menyambut Hari Lebaran.",0,D
TWK,"Kalimat berikut yang ditulis sesuai dengan EYD adalah...","","Dalam mengantisipasi terjadinya demonstrasi ribuan karyawan, yakni menuntut kenaikan upah lembur jajaran direktur di perusahaan Metal Perkasa mengadakan koordinasi bersama dengan para Manajer.",0,"Dalam mengantisipasi terjadinya demonstrasi ribuan karyawan, yakni menuntut kenaikan upah lembur, jajaran Direktur di Perusahaan Metal Perkasa mengadakan koordinasi bersama dengan Manajer.",5,"Dalam mengantisipasi terjadinya demonstrasi ribuan karyawan, yakni menuntut kenaikan upah lembur. jajaran direktur di perusahaan Metal Perkasa mengadakan koordinasi bersama dengan para manajer.",0,"Dalam mengantisipasi terjadinya demonstrasi ribuan karyawan, yakni menuntut kenaikan upah lembur, jajaran Direktur di perusahaan Metal Perkasa mengadakan koordinasi bersama dengan para Manajer.",0,"Dalam mengantisipasi terjadinya demonstrasi ribuan karyawan yakni menuntut kenaikan upah lembur. jajaran direktur di Perusahaan Metal Perkasa mengadakan koordinasi bersama dengan para Manajer.",0,B
TWK,"Kata-kata yang bersinonim adalah...","","Mawas diri - introspeksi",5,"Egoistis - tinggi hati",0,"Optimistis - berpandangan ke depan",0,"Efektif - berhasil tepat",0,"Umpan balik - balik tanya",0,A
TWK,"Proses pembentukan kata berkedudukan dalam kalimat Kantor Pusat kami bekedudukan di Palembang adalah duduk > kedudukan > berkedudukan. Proses yang sama terdapat pula pada bentukan data dalam kalimat berikut, KECUALI","","Mereka berkesempatan menginap selama dua malam.",0,"Bencana berkepanjangan menimpa daerah mereka.",0,"Polisi berkesimpulan bahwa mereka memang bersalah.",5,"Program Melati berkesinambungan dengan program sebelumnya.",0,"Setiap warga berkewajiban membersihkan lingkungan masing-masing",0,C
TWK,"Akhiran -i pada kata mengelilingi dalam kalimat Setiap Minggu pagi saya mengelilingi Masjid Agung dengan berjalan kaki mempunyai makna yang sama dengan akhiran -i pada kata yang bercetak miring pada kalimat","","Seorang ibu yang bijak harus menyusui anaknya.",0,"Polisi memasuki sarang penyamun dengan senjata api.",5,"Sering kita temukan pelajar yang tidak menghormati ibunya.",0,"Iwan pantang menyakiti hati kekasihnya.",0,"Ibu menggulai teh untuk tamu.",0,B
TIU,"Almari : Celana = ...... : ......","","Teko : Air",0,"Kompor : Minyak",0,"Dompet : Uang",5,"Kereta : Gerbong",0,"Kapal : Pelabuhan",0,C
TIU,"Latihan : Lomba = ...... : ......","","Tekun : Pandai",0,"Baca : Paham",0,"Malas : Gagal",0,"Pintar : Juara",0,"Belajar : Ujian",5,E
TIU,"Rokok : Paru-paru = ...... : ......","","Gula : Diabetes",0,"Pestisida : Tanah",5,"Virus : Demam",0,"Detergen : Tanaman",0,"Angin : Ladang",0,B
TIU,"Jika kebakaran hutan dan lahan terjadi di kawasan hutan lindung maka pemerintah daerah akan mengerahkan pasukan pemadam api dan organisasi pecinta lingkungan akan melakukan penyelamatan satwa. Saat ini organisasi pecinta lingkungan tidak bergerak untuk melakukan penyelamatan satwa.","","Pemerintah daerah telah mengerahkan pasukan pemadam api.",0,"Kebakaran hutan dan lahan telah terjadi dikawasan hutan lindung.",0,"Satwa di hutan lindung telah diselamatkan oleh pemerintah daerah.",0,"Hutan lindung masih aman dari ancaman kebakaran hutan dan lahan.",5,"Pasukan pemadam api belum diturunkan oleh pemerintah daerah.",0,D
TIU,"Jika perairan terpapar limbah detergen maka dapat memicu ledakan populasi tanaman air. Jika konsentrasi pestisida dalam tanah tinggi maka beberapa tanaman pangan dapat mati. Saat ini tanaman pangan masih dapat tumbuh dengan baik meskipun limbah detergen banyak mengalir ke perairan.","","Konsentrasi pestisida dalam tanah tinggi dan terjadi ledakan populasi tanaman air.",0,"Populasi tanaman air meledak dan konsentrasi pestisida dalam tanah tidak tinggi.",5,"Konsentrasi pestisida dalam tanah tidak tinggi atau populasi tanaman air masih normal.",0,"Populasi tanaman air masih normal dan konsentrasi pestisida dalam tanah tidak tinggi.",0,"Konsentrasi pestisida dalam tanah tinggi meskipun populasi tanaman air masih normal.",0,B
TIU,"Tidak ada peserta upacara yang mengenakan jam tangan. Semua siswa kelas XII mengikuti upacara.","","Beberapa siswa kelas XII yang mengenakan jam tangan tidak mengikuti upacara.",0,"Tidak ada siswa kelas XII yang mengenakan jam tangan saat upacara berlangsung.",5,"Semua siswa kelas XII mengenakan jam tangan selama upacara berlangsung.",0,"Ada peserta upacara yakni siswa kelas XII yang tidak mengenakan jam tangan.",0,"Tidak ada siswa kelas XII yang tidak mengikuti upacara dan tidak mengenakan jam tangan.",0,B
TIU,"Hari ini Bayu mempunyai beberapa agenda untuk dilakukan. Dia ingin mengembalikan sepeda milik Made setelah makan soto di Baltos. Bayu ingin makan pisang goreng hangat di Taman Sari. Setelah makan pisang, dia tidak ingin minum es teh di Taman Sari tetapi ingin minum es buah di Saraga. Setelah dari Saraga, Bayu menuju ke Baltos. Pernyataan yang benar adalah......","","Hal pertama yang dilakukan Bayu adalah pergi ke Baltos.",0,"Makanan pertama yang dinikmati Bayu adalah soto.",0,"Sebelum ke Saraga, Bayu mengembalikan sepeda milik Made.",0,"Setelah makan soto, Bayu minum es buah di Saraga.",0,"Pisang adalah makanan pertama yang akan dimakan oleh Bayu.",5,E
TIU,"Seorang mahasiswa harus mengambil 8 mata kuliah, yakni F, G, H, J, K, L, M, N. Seluruh mahasiswa mengambil satu mata kuliah secara berurutan setiap semesternya dan tidak ada mata kuliah yang diulang. N selalu diambil di semester pertama. F selalu diambil segera setelah mata kuliah G diambil. H harus diambil sebelum mata kuliah F. J dan M harus dipisahkan oleh dua semester yang berurutan. Urutan jadwal berikut yang memenuhi persyaratan di atas adalah ....","","N, J, H, G, F, M, K, L",0,"N, G, J, F, H, M, K, L",0,"N, M, H, L, J, G, F, K",5,"N, M, K, L, J, G, F, H",0,"N, F, G, H, J, K, L, M",0,C
TIU,"Ada tujuh orang yang berdiri dalam suatu antrian menghadap loket. Eri terletak di depan Farah. Ada satu orang yang berdiri di antara Citra dan Galih. Dian berada tepat dibelakang Arman. Farah berada di belakang Beni dan Dian. Jika Dian berada di urutan ke-4 maka yang berada di urutan ke-6 adalah ......","","Citra",0,"Galih",0,"Farah",5,"Citra atau Galih",0,"Galih atau Farah",0,C
TIU,"Diketahui x adalah suatu bilangan pecahan. Jika pembilang dari x ditambah dengan 2 maka akan diperoleh pecahan 2/3. Jika penyebut dari x dikurangi 1 maka akan diperoleh pecahan 1/2. Hasil penjumlahan pembilang dan penyebut dari bilangan x adalah .....","","10",0,"11",0,"12",0,"13",5,"14",0,D
TIU,"6,6552^2 â€“ 3,3452^2 + 756,2 =","","576,3",0,"687,3",0,"789,3",5,"836,3",0,"967,3",0,C
TIU,"Jika 6^4 + 6^4 + 6^4 + 6^4 + 6^4 + 6^4 = (2 x a)^n dengan a dan n adalah bilangan bulat. Maka nilai a + n yaitu....","","5",0,"6",0,"7",0,"8",5,"9",0,D
TIU,"Jika x = 1/16 dan y = 16% maka....","","x = y",0,"x < y",5,"x > y",0,"sqrt(x) < y",0,"Hubungan x dan y tidak dapat ditentukan",0,B
TIU,"Nilai dari 37,5% dari 0,333 adalah ....","","0,165",0,"0,195",0,"0,125",5,"0,265",0,"0,275",0,C
TIU,"-1, 2, 2, 4, -4, 6, 8,....","","-8",0,"-6",0,"6",0,"8",5,"10",0,D
TIU,"2, 3, 6, 3, 4, 8, 5, 6,...","","4",0,"6",0,"8",0,"10",0,"12",5,E
TIU,"5, 2, 3, 4, ......, 5, 3, 8, ......, 2, 16, 9","","7, 3",0,"5, 5",0,"6, 4",0,"3, 6",0,"4, 7",5,E
TIU,"1, 2, 5, 13, 29, ......","","54",0,"55",0,"56",5,"57",0,"58",0,C
TIU,"Perbandingan antara 3/5 dan 5/7 adalah ......","","3 banding 25",0,"7 banding 21",0,"7 banding 35",0,"21 banding 25",5,"21 banding 35",0,D
TIU,"Jika x = -5, y = 5, a = (x - y)^2, b = (y - x)^2","","a > b",0,"a < b",0,"a = b",5,"a dan b tidak dapat ditentukan",0,"ab > b",0,C
TIU,"Jika x^2 - 16 = 0 dan y = 4, maka....","","x > y",0,"x < y",0,"x = y",0,"x dan y tidak dapat ditentukan",5,"2x > 2y",0,D
TIU,"Jika a = 4, b = 3, x = 3(4a - b), dan y = 4(3b - a) maka....","","x > y",5,"x < y",0,"x = y",0,"x <= y",0,"x dan y tidak dapat ditentukan",0,A
TIU,"Bu Hana dapat menyelesaikan 12 jahitan dalam 2 hari. Bu Reni dapat menyelesaikan 20 jahitan dalam 5 hari. Bu Hesti dapat menyelesaikan 30 jahitan dalam 6 hari. Jika mereka bertiga bekerja bersamaan untuk menyelesaikan total sebanyak 120 jahitan maka pekerjaan tersebut akan selesai dalam waktu ......","","5 hari",0,"6 hari",0,"7 hari",0,"8 hari",5,"9 hari",0,D
TIU,"Sebuah penampung air memiliki kapasitas 450 liter. Sebuah kran dengan debit air 8 liter/menit dibuka untuk mengalirkan air ke dalam penampung. Pada suatu waktu tertentu selama pengisian terjadi kebocoran penampung yang mengalirkan air dengan debit 1.5 liter/menit. Jika penampung penuh dalam waktu 1 jam maka kebocoran penampung terjadi pada ......","","menit ke 20",0,"menit ke 25",0,"menit ke 30",0,"menit ke 40",5,"menit ke 45",0,D
TIU,"Reno bermain bola di arena permainan dengan 5 koin. kemudian menang tiket yang dapat ditukar dengan 12 koin. Kemudian Reno main lagi dengan 7 koin pada permainan lain. Jika awalnya Reno mempunyai 10 koin maka jumlah koin Reno sekarang adalah....","","14 koin",0,"13 koin",0,"11 koin",0,"10 koin",5,"9 koin",0,D
TIU,"Naila seorang online marketing yang mendapatkan gaji mingguan Rp.250.000,00 dan ditambah komisi 15% dari jumlah penjualan di atas Rp. 2.000.000,00 yang dicapai selama seminggu. Jika Naila ingin memperoleh penghasilan Rp. 850.000,00 untuk satu minggu maka Naila harus mencapai penjualan minimum selama seminggu sebesar....","","Rp. 8.000.000,00",0,"Rp. 7.000.000,00",0,"Rp. 6.000.000,00",0,"Rp. 5.000.000,00",0,"Rp. 4.000.000,00",5,E
TKP,"Anda memiliki rekan kerja satu angkatan penerimaan CPNS yang sudah sangat akrab. Ternyata, saat upacara peringatan kemerdekaan tanggal 17 Agustus, Anda melihat rekan Anda tersebut tidak melakukan hormat bendera saat momen penghormatan kepada bendera merah putih. Sikap Anda adalah","","Melaporkan kepada atasan dan direktur agar rekan tersebut segera dipanggil",3,"Melaporkan dan mengusulkan kepada atasan agar rekan kerja tersebut diberikan pembinaan ideologi Pancasila",4,"Mengklarifikasi dan menanyakan mengapa rekan kerja tersebut tidak melakukan hormat pada bendera",5,"Mendiamkan saja karena hal tersebut merupakan kebebasan berekspresi",1,"Langsung menelepon pihak berwajib",2,""
TKP,"Anda beserta 3 rekan lain adalah pegawai baru di sebuah kantor pelayanan. Di kantor Anda, terdapat loket pelayanan sebanyak 3 loket. Anda sebagai pegawai baru ditugaskan pada loket 1 urusan administrasi surat menyurat, sedangkan rekan kerja baru Anda ditugaskan pada loket 2 urusan pembayaran. Pada suatu siang, ada seseorang meminta pelayanan pada loket 2 yang dijaga rekan Anda. Anda mendapati pelayanan rekan Anda terhadap orang tersebut secara tidak ramah dan cenderung malas-malasan. Padahal, pelayanan rekan Anda sebelum seseorang tersebut datang tampak ramah dan melayani. Anda segera menanyakan kepada rekan Anda mengapa pelayanannya berubah hanya pada seseorang tersebut. Rekan Anda menjawab bahwa seseorang tersebut tidak sealiran dengan dia. Sikap Anda melihat peristiwa tersebut adalah","","Membiarkan kondisi tersebut karena Anda juga tidak sealiran dengan seseorang yang meminta pelayanan tadi",1,"Memberi penjelasan kepada rekan Anda supaya harus bekerja secara profesional, meskipun tidak memiliki pemahaman yang sealiran dan memberikan sikap yang ramah dan melayani seperti kepada orang lain",5,"Mengambil alih pelayanan pada loket 2 yang dijaga rekan Anda dan melayani orang tersebut meskipun dengan terpaksa",3,"Mengingatkan teman supaya memberikan pelayanan yang maksimal kepada siapapun orangnya",4,"Memanggil seseorang tersebut dan menginstruksikan untuk pindah ke loket 1 untuk Anda berikan pelayanan",2,""
TKP,"Anda adalah seorang orang tua baru dengan seorang anak yang masih belia. Di tengah perkembangan zaman dimana aliran informasi menyebar dengan cepat melalui platform-platform media sosial, upaya Anda untuk membentengi anak dari paham-paham radikalisme sejak dini adalah","","Tidak membelikan smartphone hingga anak Anda berusia 18 tahun",1,"Menanamkan semangat kebangsaan dan toleransi",4,"Selektif dalam memilihkan teman bermain kepada anak Anda",2,"Membatasi fitur smartphone anak Anda agar tidak mengakses konten radikalisme",3,"Memberikan pemahaman agama yang baik dan benar secara moderat dan damai",5,""
TKP,"Ketika Anda akan berkunjung ke museum ternyata museum tersebut ditutup karena suatu hal yang tidak terduga, reaksi Anda...","","Menunda kunjungan ke museum dan berjalan-jalan ke tempat lain sebagai gantinya.",5,"Merasa kesal karena Anda sudah datang dari tempat yang jauh.",3,"Marah dan geram karena rencana Anda terganggu.",1,"Gelisah dan bingung kemana Anda akan berjalan-jalan hari itu.",2,"Memutuskan untuk pulang ke rumah.",4,""
TKP,"Jika debat yang keras dan sengit terjadi di antara dua rekan di tempat kerja Anda maka...","","Membiarkan debat itu berlangsung karena Anda tidak mau ikut campur.",3,"Pura-pura tidak mendengar perdebatan tersebut dan cepat berlalu.",2,"Bertindak bijaksana dengan menengahi perdebatan tersebut agar rekan-rekan Anda itu tenang kembali.",5,"Membentak mereka supaya tenang karena mengganggu sekali.",1,"Menyuruh kedua rekan Anda untuk meneruskan perdebatan di luar ruangan kantor.",4,""
TKP,"Pada saat rapat orang tua dan guru, Anda terkejut mendengar teman Anda dituduh sebagai orang tua yang buruk, maka...","","Secara keras membela teman Anda di depan orang tua lainnya.",2,"Tidak mengatakan apa-apa.",1,"Tetap diam dalam rapat tersebut namun memberitahu teman Anda secara pribadi tentang apa yang Anda dengar.",4,"Menengahi masalah tersebut dengan bijak dan mencari inti permasalahan serta jalan keluar yang sebenarnya.",5,"Mengatakan kepada teman Anda untuk membela diri dengan tegas.",3,""
TKP,"Anak Anda takut terhadap perawatan gigi, perasaan takut yang sama Anda rasakan ketika Anda ke dokter gigi. Sedangkan anak Anda perlu pergi ke dokter gigi untuk memeriksakan giginya. Sikap Anda...","","Duduk bersamanya dan mencoba untuk menghiburnya sementara dokter gigi sedang bekerja.",5,"Membiarkan dia melihat Anda menjalani perawatan terlebih dahulu untuk memberikan keberanian kepadanya.",1,"Mendorongnya untuk ke ruang dokter gigi, lalu Anda pergi ke ruang tunggu dengan mengharapkan yang terbaik.",3,"Menjadwalkan kembali perawatan dokter gigi tersebut sampai Anda dan anak Anda berani menghadapinya.",2,"Meminta pasangan Anda untuk menemani anak Anda masuk ke dalam ruang dokter gigi.",4,""
TKP,"Pada saat rapat, tiba-tiba atasan anda memiliki ide untuk tamasya dengan seluruh karyawan kantor, semua orang memutuskan untuk melakukan perjalanan yang menantang adrenalin, sikap Anda...","","Menerima ide tersebut dengan antusias.",5,"Mendorong orang lain untuk bergabung dalam kegembiraan tersebut.",3,"Menerima ide tersebut setelah berpikir-pikir dahulu.",4,"Menggertakan gigi dan pergi dengan ketakutan",1,"Beralasan tidak enak badan supaya tidak perlu ikut bertamasya.",2,""
TKP,"Ketika Anda berada di dalam pesawat menuju ke Jakarta, pesawat Anda mengalami turbulensi dan semua penumpang dalam pesawat tersebut ketakutan. Reaksi Anda adalah...","","Tetap tenang dan meminta keluarga Anda untuk melakukan hal yang sama.",5,"Memeluk keluarga Anda dan menunggu akhir dari terjadinya turbulensi dengan cemas",4,"Berteriak-teriak ketakutan seperti yang lainnya.",1,"Berdoa dengan cemas semoga turbulensi cepat berakhir.",2,"Dengan cemas mencari pramugari dan menanyakan kenapa terjadi hal seperti ini.",3,""
TKP,"Anda sakit dan Anda merasa sanksi dengan kondisi Anda walaupun dokter mengatakan ada kemungkinan sembuh, maka...","","Membuat diri Anda percaya dengan perkataan dokter.",2,"Bertanya kepada keluarga tentang kebenaran penyakit yang Anda alami walaupun sebenarnya mereka tidak akan memberitahu kan kebenarannya.",4,"Mendesak dokter agar memberitahu Anda kemungkinan terburuknya.",1,"Berusaha menjalani pengobatan dan berdoa semoga diberikan kesembuhan dan hasil yang baik.",5,"Meratapi nasib mengapa hal tersebut terjadi pada Anda.",3,""
TKP,"Bagi saya untuk menjadi Pegawai Negeri Sipil yang sukses, saya harus...","","Mengikuti perintah dan arahan pimpinan secara loyal dan penuh kepatuhan dalam menyelesaikan tugas",5,"Memiliki kedudukan atau jabatan tinggi yang diperoleh dengan berbagai cara.",1,"Mengembangkan hal-hal baru yang belum pernah diciptakan sebelumnya.",4,"Menciptakan hubungan baik dengan setiap orang, rekan kerja, dan pimpinan.",3,"Memiliki gaji yang tinggi.",2,""
TKP,"Kondisi kerja yang paling saya harapkan adalah kondisi yang...","","Menghasilkan pendapatan tambahan.",2,"Menyediakan stabilitas pekerjaan kepada saya.",3,"Memberikan kemungkinan promosi jabatan bagi saya.",4,"Memberikan fasilitas yang dapat digunakan di luar jam kantor.",1,"Memotivasi saya untuk bekerja lebih giat sehingga tidak ada senioritas.",5,""
TKP,"Seorang teman kelompok saya sering sakit sehingga tidak dapat aktif dalam kelompok. Saya akan...","","Meminta dia mengundurkan diri dari kelompok.",1,"Memberi tugas yang dia mampu selesaikan.",5,"Tetap memberinya tugas sebagaimana yang lain.",2,"Membantu menyelesaikan tugasnya.",4,"Menunda memberi tugas sampai dia mampu.",3,""
TKP,"Ketika sedang mengerjakan tugas bersama yang harus selesai pada hari itu, seorang teman akan pergi terlebih dahulu, sebagai pemimpin kelompok yang akan saya lakukan..","","Memaksanya untuk tetap tinggal.",3,"Ikut pergi juga.",1,"Memintanya untuk menyelesaikan tugas terlebih dahulu.",5,"Meminta untuk mempertimbangkan.",4,"Meminta pertimbangan orang lain.",2,""
TKP,"Saya akan menghadiri pernikahan seorang kerabat dari luar kota, bersamaan dengan itu ada tugas ulangan sedangkan minggu lalu saya sudah membolos. Yang akan saya lakukan...","","Mempersiapkan diri sejak awal dan membicarakannya dengan guru untuk mengikuti ulangan di hari lain.",5,"Belajar sungguh-sungguh dan inilah kesempatan untuk memperbaiki nilai.",4,"Meminta orang tua menulis surat izin tidak dapat mengikuti ulangan hari ini.",2,"Belajar sungguh-sungguh sambil berdoa mudah-mudahan ada perubahan jadwal.",3,"Memilih pergi dan berusaha sebaik mungkin pada ulangan berikutnya.",1,""
TKP,"Dalam suatu tim ada teman yang tidak aktif kerja dilarang oleh pasangannya sehingga kerja tim menjadi tidak lancar. Sebagai satu pengurus kelompok maka yang saya lakukan...","","Mempertanyakan kesanggupan yang telah dijanjikan dulu.",5,"Berpikir hal itu di luar perhitungan saya.",1,"Berpikir bahwa teman tersebut menjengkelkan.",2,"Mencoba mengerti kondisinya.",4,"Menyesal telah memilih teman tersebut.",3,""
TKP,"Kinerja organisasi berjalan cukup efisien, namun pimpinan terkesan mengontrol situasi dengan sangat ketat. Sikap saya adalah...","","Tidak bertindak apapun, cukup dengan mengikuti jalannya arus.",3,"Mengusahakan keterlibatan pegawai dalam pengambilan keputusan untuk membuat pegawai merasa penting dan dilibatkan.",5,"Mengabaikan saja.",2,"Menentang sikap pimpinan yang terlalu mengontrol.",1,"Mengingatkan pentingnya batas waktu dan tugas kepada pimpinan.",4,""
TKP,"Di era milenium ketiga ini perubahan dunia terjadi dengan cepat. Perubahan tersebut merambat dalam kehidupan sehari-hari. Karena itu saya...","","Mengikuti perkembangan teknologi dari media masa.",1,"Mempelajari cara pengoperasian komputer.",3,"Meminta orang tua untuk melengkapi barang-barang elektronik.",2,"Berusaha mempelajari buku pengetahuan yang baru.",4,"Berusaha menguasai keterampilan di bidang teknologi informasi mutakhir.",5,""
TKP,"Harga-harga saat ini berubah dengan cepat dan kecenderungannya meningkat terus. Sementara pendapatan saya terbatas, menghadapi keadaan ini yang saya lakukan...","","Membuat skala prioritas dan rancangan penggunaan uang saku secara lebih hati-hati",5,"Merancang penggunaan uang sekaligus meminta tambahan uang saku",3,"Marah terhadap situasi yang tidak menentu",1,"Mengurangi pengeluaran untuk hal-hal yang tidak terlalu penting",4,"Meminta tambahan uang saku dari orang tua",2,""
TKP,"Saya dipercaya mengelola kegiatan yang belum dipublikasikan dan masih harus dijaga kerahasiaannya. Ketika saya berada di antara teman-teman dekat di kantor, saya...","","Suka menerima masukan demi masukan dalam rangka pengembangan tugas baru saya dan tetap menjaga amanah",5,"membicarakan hal-hal lain yang tidak ada kaitannya dengan tugas baru saya",4,"Membatasi pembicaraan agar tidak menyangkut ke hal-hal tugas baru saya",3,"Akan merasa gelisah dan kurang senang bila mereka mulai membicarakan tugas baru saya",1,"Akan mengalihkan ke pembicaraan lain bila mereka sudah mulai menyinggung mengenai tugas baru saya.",2,""
TKP,"Di era milenium ketiga ini, menjadikan perubahan terjadi begitu cepat. Perubahan tersebut merambat dalam kehidupan sehari-hari, maka saya...","","Selalu mengikuti perkembangan teknologi dari media massa",1,"Mempelajari cara pengoperasian komputer",3,"Meminta kepada orang tua untuk melengkapi koleksi barang-barang elektronik",2,"Berusaha mempelajari buku pengetahuan yang baru",4,"Berusaha menguasai keterampilan di bidang informasi yang mutakhir",5,""
TKP,"Laporan akhir tahun yang dibuat oleh tim kerja saya ternyata ditolak oleh atasan karena dianggap kurang visibel dan kurang akurat. Sikap saya adalah...","","Berusaha mencari alasan seperti minimnya dana dan sedikitnya waktu untuk mengerjakan",1,"Segera melakukan perbaikan laporan dan mengajukannya lagi ke atasan",5,"Menyalahkan rekan sejawat yang sama-sama mengerjakan laporan",2,"Menerima penolakan dan berusaha memperbaiki laporan",4,"Menerima penolakan tetapi tidak melakukan tindak lanjut",3,""
TKP,"Saya mendapat teguran langsung dari pimpinan atas kesalahan yang bukan hanya saya seorang diri sebagai pelakunya. Reaksi saya...","","Membantah secara tegas agar pada kesempatan lain pimpinan tidak semena-mena tidak menyalahkan.",1,"Diam saja, karena membantah hanya akan menambah rumit permasalahan",3,"Menerima teguran tersebut dan mencoba menjadikannya sebagai pelajaran berharga, tetapi tetap mengadukan pegawai lain yang turut bersalah agar saya tidak menjadi korban seorang diri.",5,"Membantah dan mengadukan pegawai lain yang juga bersalah agar mereka juga bisa belajar dari kejadian ini.",2,"Menerima teguran tersebut dan mencoba menjadikannya sebagai pelajaran berharga tanpa perlu mengadukan pegawai lain yang turut bersalah.",4,""
TKP,"Saya merasa beban kerja terberat ada pada saya dibanding sekian banyak pegawai kantor sehingga saya merasa stress karena dikejar-kejar deadline hampir setiap hari sementara banyak pegawai lain yang kelihatan tidak mengerjakan sesuatu. Respon saya...","","Hanya mengerjakan tugas yang saya senangi",4,"mengerjakan semua tugas dengan senang hati dan berusaha memenuhi target deadline yang ditentukan",5,"mengonsumsi suplemen agar mendongkrak stamina saya untuk menyelesaikan semua tugas",3,"mengerjakan semua tugas sambil menggerutu dan marah-marah",2,"mengerjakan semua tugas setengah-setengah saja, yang penting sudah kelihatan bertanggung jawab",1,""
TKP,"Pada saat rapat anggota dan pimpinan, pendapat saya dikritik keras oleh peserta rapat lainnya. Respon saya adalah...","","mencoba sekuat tenaga untuk mempertahankan pendapat saya",1,"menyerang semua peserta yang mengkritik pendapat saya",2,"mencoba mempelajari kritikan tersebut dan berbalik mengkritik dengan tajam",4,"diam saja tanpa berkomentar",3,"menerima kritikan tersebut dengan senang hati sebagai masukan untuk perbaikan diri",5,""
TKP,"Suatu ketika saya bermalam di rumah salah seorang warga di desa tempat saya ditugaskan, kebetulan kamarnya sempit begitupun tempat tidurnya apalagi digunakan untuk berdua. Dalam keadaan tersebut saya...","","tidur dengan beberapa kali terbangun karena merasa tidak nyaman",3,"menunggu beberapa saat baru tertidur dengan lelap",4,"terjaga sampai pagi karena tidak nyaman",1,"tetap dapat tidur dengan mudah meskipun tempat tidur sempit",5,"hampir tidak dapat tidur sampai pagi",2,""
TKP,"tentang pergantian kepemimpinan yang terjadi dalam organisasi, pendapat saya adalah...","","organisasi harus menjadi Learning Organization",3,"setiap individu dalam sebuah organisasi harus terbiasa dan dapat menyesuaikan diri dengan pergantian kepemimpinan",5,"menjaga stabilitas organisasi dengan sedapat mungkin menghindari pergantian kepemimpinan",1,"pegawai tidak boleh terlalu aktif menciptakan ide",2,"pergantian kepemimpinan adalah sesuatu yang lumrah",4,""
TKP,"Pada saat saya menggunakan fasilitas dinas yaitu sebuah mobil dinas tanpa sepengetahuan Kepala Bagian Kendaraan pada hari libur. Secara tidak sengaja. Mobil dinas yang saya kendarai menabrak sebuah pohon sehingga kendaraan tersebut menjadi rusak. Tindakan saya adalah...","","mengembalikannya dengan diam-diam setelah diperbaiki seadanya di bengkel atas biaya pribadi",3,"mencoba memperbaiki sendiri kendaraan tersebut",2,"melaporkan kejadian tersebut kepada pimpinan dan siap menerima hukuman/petunjuk dari pimpinan",4,"membawa kendaraan tersebut ke bengkel, melaporkan kejadian tersebut kepada pimpinan, serta menyerahkan segala keputusan kepada pimpinan",5,"diam-diam menyimpan kendaraan tersebut karena tidak seorang pegawai pun yang mengetahuinya",1,""
TKP,"Teman saya meminjam laptop kepada saya karena komputer di meja kerjanya terkena virus, padahal laptop yang saya bawa adalah pinjaman dari teman, saya...","","mengatakan bahwa laptop tersebut adalah pinjaman",4,"meminjami laptop dengan meminta bayaran",1,"mengatakan bahwa saya tidak berani meminjamkan karena bukan milik saya",5,"meminjamkan laptop tanpa sepengetahuan pemiliknya",2,"menolak untuk meminjamkan laptop tersebut",3,""
TKP,"Bagi saya untuk menjadi seorang pegawai yang sukses, saya harus...","","bekerja sesuai dengan instruksi pimpinan",2,"mengembangkan hal-hal baru yang belum pernah diciptakan sebelumnya",3,"menciptakan hubungan baik dengan setiap orang",1,"melakukan pekerjaan terbaik dengan standar kinerja yang tinggi",5,"mengikuti perintah dan arahan dari pimpinan secara loyal dan penuh kepatuhan",4,""
TKP,"Ketika di kantor, saya tiba-tiba ingin memprint 3 lembar data-data pribadi, yang tidak ada hubungannya dengan pekerjaan...","","maka saya langsung saja mem-print di kantor",1,"saya mem-print di kantor namun dengan memakai kertas saya sendiri",4,"saya mem-print di kantor namun menunggu setelah jam kerja selesai",3,"saya mem-print di rumah saja memakai printer sendiri",5,"saya mem-print di kantor pada saat printer tidak dipakai",2,""
TKP,"Ketika banyak pegawai di kantor saya tidak mematuhi peraturan tentang larangan penggunaan fasilitas internet kantor untuk keperluan pribadi, pendapat saya...","","saya pun tidak akan mematuhi peraturan yang sangat sulit untuk dipatuhi itu",1,"jika hanya saya yang mematuhi peraturan tersebut, maka percuma saja",2,"saya akan terus mematuhi peraturan tersebut meskipun sebagian besar melanggarnya",4,"saya mematuhi peraturan tersebut dan berusaha mengajak pegawai lain untuk turut mematuhinya",5,"sebaiknya peraturan yang sulit seperti itu harus diubah",3,""
TKP,"Atasan saya tiba-tiba memberikan sebuah tugas kepada saya. Padahal saat itu saya sedang mengerjakan pekerjaan lain. Yang harus saya lakukan adalah...","","menunda tugas tersebut karena deadline-nya masih lama",3,"meninggalkan pekerjaan yang saya lakukan dan menyelesaikan tugas tersebut",4,"meminta teman untuk menyelesaikan pekerjaan saya dan kemudian menyelesaikan tugas tersebut",2,"meminta teman saya menyelesaikan tugas tersebut",1,"segera menyelesaikan pekerjaan saya dan kemudian mengerjakan tugas tersebut",5,""
TKP,"Saya ingin rekan-rekan kerja saya melihat kualitas diri saya yang terbaik sebagai seorang yang...","","inovatif dan kreatif",3,"disiplin dan penurut",4,"mampu beradaptasi dan ramah",2,"dapat memutuskan sendiri dan realistis",1,"percaya diri dan mandiri",5,""
TKP,"Untuk mencapai tujuan yang saya inginkan saya akan...","","menyerahkan pada nasib",1,"berusaha dengan sekeras-kerasnya",4,"meminta bantuan orang lain",2,"berusaha seadanya",3,"berusaha sesuai kemampuan dengan target yang jelas",5,""
TKP,"Sebagai ketua dalam pentas seni anda mendapat laporan bahwa bintang tamu acara tersebut mengundurkan diri 1 hari sebelum hari H, anda bingung karena tiket terjual habis. Agar acara tersebut terselenggara dengan baik, yang akan anda lakukan adalah...","","Memberikan bayaran lebih kepada artis tersebut",4,"Mengganti bintang tamu dengan artis lain yang memiliki kepopuleran yang lebih",1,"Memundurkan jadwal pentas seni hingga bintang tamu tersebut mau tampil",2,"Mendatangi bintang tamu tersebut dan memintanya untuk bersikap profesional",5,"Mengembalikan ganti rugi tiket pada para calon penonton",3,""
TKP,"Bila di kantor anda terjadi kebakaran sehingga terjadi kepanikan luar biasa, tindakan yang akan anda lakukan adalah...","","Segera memanggil pemadam kebakaran",2,"Melaporkan pada petugas gedung untuk menyelamatkan semua orang",3,"Meminta semua tenang",1,"Menjalankan prosedur penyelamatan diri, sehingga mengajak yang lain untuk keluar melalui tangga darurat",5,"Mematikan aliran listrik dan tidak menggunakan lift untuk meninggalkan gedung",4,""
TKP,"Anda menerima perintah tugas ke luar kota. Kebetulan pekerjaan anda di kantor menumpuk dan harus diselesaikan. Maka tindakan yang akan anda lakukan adalah...","","Meminta atasan untuk memberikan perpanjangan waktu menyelesaikan tugas tersebut",2,"Meminta atasan untuk keluar kota setelah anda menyelesaikan pekerjaan anda",1,"Mengkoordinasikan tugas yang dapat dipercayayakan kepada rekan kerja, selain tidak menyalahi prosedur pekerjaan dapat diselesaikan tepat waktu",5,"Membawa pekerjaan tersebut ke luar kota. Sehingga dapat diselesaikan tepat waktu",4,"Menyelesaikan semampu Anda",3,""
TKP,"Tamu atasan anda dari luar jakarta sudah menunggu lama, sedangkan atasan anda sedang ijin keluar kantor. Maka tindakan yang paling tepat adalah ...","","Meminta tamu tersebut untuk pulang agar tidak menunggu",1,"Meminta tamu tersebut untuk menunggu",3,"Menemui tamu tersebut dan menawarkan bantuan. Jika sifatnya rahasia maka meminta tamu tersebut tetap menunggu atasan anda",5,"Menelpon atasan anda agar segera kembali ke kantor",2,"Memberitahu atasan anda jika ada tamu dari luar kota",4,""
TKP,"Setelah pulang dari tempat bekerja anda bertemu dengan kawan lama di sebuah restoran, terjadi perbincangan yang menarik sehingga tidak terasa malam semakin larut. Restoran tersebut juga sudah bersiap siap menutup. Maka sikap anda adalah ...","","Melanjutkan obrolan tersebut",1,"Sengaja memesan makanan kembali sehingga memiliki alasan untuk tetap duduk di restoran",4,"Segera bersiap siap untuk meninggalkan restoran tersebut",5,"Meminta waktu agar tetap diizinkan berada di restoran tersebut",3,"Dengan sengaja tidak menghabiskan makanan sehingga ada alasan untuk tetap duduk",2,""
TKP,"Saat berangkat ke kantor tiba tiba hujan. Secara kebetulan disamping anda yang sedang terburu buru tapi tidak membawa payung. Maka tindakan yang akan anda lakukan adalah ...","","Tetap melaju ke kantor",2,"Memanggil ojek payung untuk orang tersebut",4,"Menawarkan payung anda agar bisa digunakan bersama",5,"Memohon maaf karena tidak bisa memberi tumpangan pada orang tersebut",3,"Menemaninya berteduh",1,""
TKP,"Orang yang pertama kali harus percaya bahwa Anda akan menjadi seorang PNS yang sukses adalah...","","Orang tua",4,"Saudara",3,"Guru",2,"Rekan kerja",1,"Diri Sendiri",5,""
TKP,"Kreatif bukan berarti...","","Tidak pernah salah",1,"Selalu gagal",5,"Anti gagal",4,"Gagal",3,"Selalu sukses",2,""
TKP,"Jarak dari rumah ke tempat kerja 30 menit dengan bus. Tanpa diketahui sebelumnya selama kendaraan umum melakukan mogok aksi. Dalam kejadian itu saya...","","Saya akan berjalan kaki sedapat mungkin",4,"Lebih baik pulang dan tidak usah masuk kerja",1,"Saya akan berjalan kaki sambil berusaha mencari tumpangan",5,"Saya tetap menunggu siapa tahu seseorang yang akan memberi tumpangan",3,"Saya berusaha menyetop kendaraan",2,""
TKP,"Anda telah berjanji untuk bertemu dengan teman anda, disaat yang sama ada pekerjaan yang menuntut anda untuk segera menyelesaikannya, maka?","","Menelepon teman dan menjelaskan mengapa tidak bisa bertemu dengannya dan meminta maaf.",5,"Mencoba untuk mengatur ulang pekerjaan anda.",3,"Meminta sekretaris anda untuk menelepon teman anda dan menyampaikan maaf anda.",4,"Menyelesaikan pekerjaan anda dengan cepat kemudian bergegas menemui teman anda tersebut.",2,"Mengirimkan hadiah kepadanya sebagai tanda menebus ketidakhadiran anda.",1,""